Issue,Assignees,Participants,Comments(Include report),Closed Time,Author Followers,Author Repositories,Author Stars,Author Username,Author Registration time,Issue Date,Total Contributions,Total Contributions Before the Issue,Contributions Within 1 Year Before Submitting the Issue,Contributions Before Submitting the Issue In the Repository,Total Contributions In the Repository,Can the Program Run?,Is the Bug Reproduced?,Previous Hardware Usage Frequency,Used the Same Hardware?,Steps,Steps Related to Hardware,Steps Including Code,Hardware Related?,"Is S2R consistent (consistent label 1, missing information label 2, error label 3, missing+error label 4)",Steps with missing information,Steps with wrong,Where Stop??,Hardware Info,Text,Annotated Text,Image,Annotated Image,Recording,Log,,,
21686,0,3,4,15.92043981,28,30,47,tylertian123,2623.285185,2023-06-06T03:03:19Z,4517,4356,335,0,0,,,0,0,3,0,1,1,1,,,,1,1,1,0,0,0,1,,,
21674,0,2,2,485.1938079,19,40,90,dirksavage88,2513.920856,2023-06-03T15:43:24Z,403,107,55,5,15,,,0,0,4,3,0,1,2,1,,,1,1,0,0,0,0,0,,,
21672,0,1,1,1.980243056,0,3,0,lehoangthanh1809,2393.527731,2023-06-02T15:15:00Z,10,10,8,0,0,,,0,0,3,2,0,1,1,,,,1,1,0,1,0,0,0,,,
21654,2,4,5,161.3171528,619,130,536,Jaeyoung-Lim,4142.12537,2023-05-30T06:46:11Z,12424,11318,1300,199,208,1,1,,,5,0,2,0,1,,,,0,1,1,1,0,0,1,,,
21650,0,4,7,120.3970718,6,10,99,TianmingLi,4175.986875,2023-05-29T04:01:15Z,377,364,26,0,0,,,1,1,1,1,0,1,1,,,,1,1,0,0,0,0,0,,,
21634,1,2,4,40.55342593,119,26,5,MaEtUgR,4208.802292,2023-05-24T09:09:31Z,25762,23384,1727,1219,1476,,,0,0,6,5,0,1,1,,,,1,1,1,0,0,0,0,,,
21625,0,2,2,1.932546296,6,10,99,TianmingLi,4175.98691,2023-05-23T07:05:44Z,377,362,24,0,0,,,0,0,6,5,0,1,1,,,,1,1,0,0,0,1,1,,,
21607,0,3,5,18.4612963,6,10,99,TianmingLi,4175.986933,2023-05-18T08:51:25Z,377,359,21,0,0,1,1,,,4,0,2,0,1,,,,0,1,1,0,0,0,0,,,
21601,0,1,2,4.806354167,0,9,22,Lqs66,1738.1189,2023-05-17T12:47:11Z,91,21,10,0,0,1,0,,,3,0,1,0,1,,,,1,1,1,0,0,0,1,,,
21600,0,3,6,20.38502315,1,1,5,paujar,734.8071181,2023-05-17T11:10:08Z,14,2,2,0,0,,,,,7,0,0,0,1,,,,1,1,0,1,0,0,0,,,
21588,0,2,2,0.002372685,1,20,10,fbenti,1527.709491,2023-05-14T09:48:45Z,196,144,53,0,0,1,0,,,3,0,1,0,1,,,,1,1,1,0,0,0,0,,,
21575,0,3,3,26.96988426,1,7,0,abarcis,3321.3189,2023-05-10T16:29:59Z,26,24,16,3,3,,,0,0,4,4,0,1,1,,,,1,1,1,0,0,0,0,,,
21544,0,1,6,33.77138889,7,0,0,Katawann,2973.738171,2023-05-03T14:52:28Z,178,159,27,0,0,,,4,1,2,2,0,1,1,,,,1,1,0,0,0,0,1,,,
21518,0,3,8,19.57986111,21,12,1,salvamarce,2233.209838,2023-04-26T20:48:09Z,149,104,91,0,0,0,0,,,9,0,2,0,1,,,6,0,1,1,0,0,0,1,,,
21496,0,3,3,147.4918981,10,0,0,lvanasse,3479.16147,2023-04-19T21:03:59Z,1097,1031,67,0,0,,,0,0,7,7,2,1,1,,,,1,1,1,1,0,0,1,,,
21494,0,2,4,47.7497338,7,0,0,Katawann,2973.738229,2023-04-19T15:21:20Z,178,158,26,0,0,,,3,1,3,2,0,1,1,,,,1,1,0,0,0,0,0,,,
21481,0,2,2,37.97425926,6,10,99,TianmingLi,4175.987095,2023-04-15T07:42:48Z,377,351,14,0,0,,,0,0,6,2,0,1,1,,,,0,1,0,1,0,0,0,,,
21471,0,1,2,4.018634259,7,0,0,Katawann,2973.738264,2023-04-13T18:14:01Z,178,157,25,0,0,,,2,1,2,2,0,1,1,,,,1,1,0,1,0,0,1,,,
21441,0,1,2,0.864363426,3,8,392,mfl22,1286.761146,2023-04-06T15:45:22Z,25,19,7,0,0,0,0,,,4,0,1,0,1,,,2,0,1,1,1,0,0,0,,,
21430,0,2,3,5.863206019,5,18,1,kribe48,3057.80103,2023-04-05T09:30:37Z,164,152,77,0,0,1,1,,,4,0,1,0,2,1,,,0,1,1,1,0,0,0,,,
21401,0,1,1,4.733472222,2,5,5,davidemorazzo,1690.604039,2023-03-30T15:23:28Z,392,210,118,0,0,,,0,0,4,1,3,1,1,,,,1,1,1,0,0,0,0,,,
21393,0,5,11,153.1387384,17,13,33,RPS98,1861.557743,2023-03-29T15:02:10Z,1954,889,867,0,0,,,0,0,6,4,2,1,1,,,,1,1,1,0,0,0,0,,,
21370,1,2,16,21.27954861,108,131,968,junwoo091400,2965.667407,2023-03-25T08:03:02Z,977,871,533,31,41,1,0,,,2,0,1,0,1,,,,0,1,1,1,0,0,0,,,
21327,1,4,9,70.08917824,0,4,0,kibidev,899.3403356,2023-03-17T11:04:21Z,161,64,64,4,4,1,0,,,4,0,1,0,1,,,,0,1,1,1,0,0,1,,,
21278,0,2,3,158.1181366,20,8,6,digitalw0lf,1711.758912,2023-03-09T16:39:56Z,286,260,31,0,0,,,0,0,5,3,0,1,1,,,,1,1,0,1,0,0,0,,,
21242,0,2,3,524.714537,0,1,2,carlosmurphyDragoon,1575.5325,2023-03-03T22:50:44Z,3,3,1,0,0,,,0,0,8,2,1,1,1,,,,1,1,1,0,0,0,0,,,
21184,1,3,4,89.13895833,2,2,8,riosnav,1694.528715,2023-02-23T10:39:55Z,342,276,157,0,0,,,0,0,2,2,0,1,1,,,,1,1,1,0,0,0,0,,,
21167,0,2,4,2.884328704,1,20,10,fbenti,1527.71015,2023-02-20T08:45:47Z,196,141,57,0,0,,,0,0,7,2,1,1,1,,,,1,1,1,0,0,0,0,,,
21102,1,1,1,50.82203704,283,61,42,julianoes,4697.580347,2023-02-09T21:50:42Z,45155,41886,2213,2101,2221,,,0,0,4,4,0,1,1,,,,1,1,1,0,0,0,0,,,
21072,0,1,2,0.548541667,5,36,7,AlexWUrobot,3080.953831,2023-02-06T15:37:04Z,464,180,97,0,0,0,0,,,3,0,3,0,1,,,1,0,1,1,1,0,0,0,,,
21062,0,1,1,1.950162037,43,96,5,christianrauch,3766.215035,2023-02-04T23:37:24Z,3860,2508,970,5,19,1,0,,,2,0,0,0,1,,,,0,1,1,0,0,0,0,,,
21043,0,3,5,566.8464583,34,61,1,russkel,4835.696019,2023-02-02T05:39:52Z,3420,1448,823,0,0,1,0,,,3,0,1,0,3,,1,,0,1,1,0,0,0,1,,,
20900,0,2,2,1.571678241,283,61,42,julianoes,4697.580417,2023-01-10T05:31:58Z,45155,41763,2386,2098,2221,1,1,,,1,0,1,0,1,,,,0,1,1,0,0,0,0,,,
20881,0,2,2,465.3490394,11,9,14,camillo2008,2004.300451,2023-01-07T13:01:08Z,499,228,21,0,0,,,0,0,4,3,0,1,1,,,,1,1,0,0,0,0,0,,,
20834,0,5,9,60.98711806,108,131,968,junwoo091400,2965.667627,2022-12-28T16:21:42Z,977,762,451,30,41,1,1,,,3,0,2,0,1,,,,0,1,1,1,0,0,0,,,
20826,0,3,11,95.17938657,619,130,536,Jaeyoung-Lim,4142.126296,2022-12-23T07:04:40Z,12424,10784,1529,182,208,1,0,,,2,0,1,0,1,,,,0,1,1,1,0,0,0,,,
20820,0,2,5,3.118773148,1,20,10,fbenti,1527.710313,2022-12-22T15:03:22Z,196,113,46,0,0,0,0,,,5,0,5,0,1,,,,0,1,1,0,0,0,0,,,
20793,2,5,6,9.370046296,7,15,102,Ecuashungo,3052.46706,2022-12-19T13:08:08Z,60,42,9,0,0,,,0,0,2,1,1,1,1,,,,1,1,1,1,0,0,0,,,
20783,0,4,6,20.1633912,1,5,0,wluker,4002.266169,2022-12-15T17:31:00Z,59,58,2,0,0,1,0,0,0,2,1,0,1,1,,,,0,1,1,0,0,0,0,,,
20765,0,1,1,0.000752315,3,6,0,kevinuav,3822.591713,2022-12-14T05:32:39Z,39,23,6,1,1,0,0,,,4,0,0,0,1,,,2,0,1,0,0,0,0,0,,,
20762,0,4,34,56.48545139,10,0,0,ghost,6063.894387,2022-12-13T15:51:11Z,0,0,0,0,0,,,0,0,6,6,1,1,3,,2,,1,1,0,0,0,0,0,,,
20743,0,3,3,599.9461227,27,19,39,MichaelBosello,3376.182315,2022-12-11T14:43:47Z,2827,414,229,0,0,,,0,0,1,1,0,1,1,,,,1,1,1,0,0,0,0,,,
20731,0,4,5,31.79894676,28,25,73,danielhonies,3649.571354,2022-12-08T15:41:27Z,723,484,14,0,1,,,1,1,4,2,0,1,1,,,,1,1,0,0,0,0,0,,,
20708,0,3,6,41.99189815,0,7,8,TedObrien,1265.671273,2022-12-06T10:13:56Z,1056,8,4,0,0,,,0,0,4,5,0,1,1,,,,1,1,1,0,0,0,0,,,
20693,0,7,21,693.1716435,0,5,2,sebglatz,2455.337315,2022-12-01T15:27:10Z,10,6,2,0,0,,,0,0,3,1,1,1,1,,,,1,1,1,0,0,0,1,,,
20677,1,3,2,358.5407755,1,5,2,MikeCharikov,3687.806354,2022-11-29T13:46:20Z,49,48,6,0,0,1,0,,,3,0,0,0,1,,,,0,1,1,0,0,0,0,,,
20668,0,7,10,681.9418981,10,0,0,lvanasse,3479.1636,2022-11-24T14:30:19Z,1097,1028,284,0,0,0,0,,,6,0,0,0,1,,,5,0,1,1,1,0,0,0,,,
20634,1,8,23,694.1206019,7,15,102,Ecuashungo,3052.468438,2022-11-18T13:32:29Z,60,38,5,0,0,,,0,0,5,3,2,1,1,,,,1,1,1,0,0,0,0,,,
20609,0,3,4,6.953634259,28,25,73,danielhonies,3649.572639,2022-11-15T11:22:38Z,723,479,11,0,1,,,0,0,1,1,0,1,1,,,,1,1,0,0,0,0,0,,,
20555,1,2,4,9.978356481,2,3,58,Finwood,3809.539178,2022-11-07T11:29:10Z,118,68,4,3,3,,,0,0,4,3,0,1,1,,,,0,1,0,1,0,0,1,,,
20519,0,3,4,2.762280093,0,7,8,TedObrien,1265.672581,2022-10-31T12:31:17Z,1056,7,3,0,0,0,0,,,4,0,0,0,1,,,1,0,1,0,1,0,0,1,,,
20503,0,4,4,356.8909028,619,130,536,Jaeyoung-Lim,4142.127789,2022-10-28T12:26:50Z,12424,10572,1828,176,208,1,0,,,2,0,0,0,1,,,,0,1,1,0,0,0,1,,,
20477,0,2,6,1.989479167,7,9,0,ThomasRigi,2116.707338,2022-10-25T09:19:32Z,139,125,27,29,31,0,0,,,6,0,1,0,1,,,*,0,1,1,1,0,0,1,,,
20465,0,3,3,116.7427431,3,6,0,kevinuav,3822.59316,2022-10-21T15:11:23Z,39,20,6,1,1,,,0,0,4,4,0,1,1,,,,1,1,0,1,0,0,1,,,
20410,0,2,2,550.533125,0,20,88,UAVlover,2224.424641,2022-10-14T08:27:46Z,29,18,4,0,0,,,0,0,3,2,1,1,1,,,,1,1,1,1,0,0,0,,,
20395,0,2,4,21.04465278,24,15,1,sfuhrer,2820.448854,2022-10-12T12:55:32Z,2165,983,434,339,813,0,0,,,2,0,0,0,1,,,1,0,1,0,1,0,0,0,,,
20374,0,2,5,22.7019213,12,31,2,altmattr,4632.947535,2022-10-07T03:23:16Z,480,302,148,0,0,1,0,,,3,0,3,0,1,,,,0,1,1,0,0,0,0,,,
20345,0,3,5,94.62177083,3,5,1,j-chen-opteran,1213.700799,2022-10-03T14:18:21Z,985,318,310,0,1,,,0,0,2,1,0,1,1,,,,1,1,1,0,0,0,0,,,
20334,0,6,11,671.7644792,619,130,536,Jaeyoung-Lim,4142.127917,2022-09-30T17:12:37Z,12424,10435,1829,175,208,,,0,0,2,1,0,1,1,,,,1,1,1,1,0,0,1,,,
20311,0,3,4,9.333645833,3,15,1,fkaiser,3961.765845,2022-09-27T05:48:40Z,8320,6770,1180,0,1,0,0,,,6,0,4,1,1,,,4,0,1,1,1,0,0,0,,,
20260,0,2,2,34.79876157,619,130,536,Jaeyoung-Lim,4142.127951,2022-09-20T16:44:58Z,12424,10386,1879,175,208,1,1,,,2,0,2,0,1,,,,0,1,1,1,0,0,1,,,
20211,1,3,5,0.596631944,118,15,1,davids5,4545.184039,2022-09-14T11:04:22Z,4167,3442,509,889,989,,,0,0,6,3,1,1,1,,,,1,1,1,0,0,0,0,,,
20159,0,4,10,242.6375926,283,61,42,julianoes,4697.582164,2022-09-05T00:36:24Z,45155,41380,4257,2080,2221,1,1,,,4,0,0,0,1,,,,0,1,1,0,0,0,0,,,
20158,0,2,4,0.99650463,2,59,87,returncode13,3622.286019,2022-09-03T15:39:18Z,662,612,42,0,0,1,1,,,2,0,1,0,1,,,,0,1,1,0,0,0,0,,,
20134,0,3,5,15.58335648,5,13,13,vincentpoont2,2159.246655,2022-08-31T09:20:38Z,375,177,99,5,17,,,0,0,2,2,0,1,1,,,,1,1,0,1,1,0,0,,,
20130,1,3,4,42.54561343,1,6,56,Javit96,2091.284711,2022-08-29T23:58:37Z,308,183,45,0,0,,,,,4,0,2,0,1,,,,0,1,1,1,0,0,0,,,
20126,0,2,4,569.6701968,1,15,1,Edekheh,2622.708391,2022-08-29T15:56:31Z,95,79,18,0,0,,,,,3,0,1,0,1,,,,0,1,1,0,0,0,0,,,
20091,2,4,2,24.59706019,5,13,13,vincentpoont2,2159.246701,2022-08-22T16:20:43Z,375,172,95,5,17,,,0,0,2,1,0,1,1,,,,1,1,0,0,0,1,0,,,
19998,0,4,11,27.63689815,0,3,4,benberry3d,2249.373264,2022-08-02T01:02:41Z,198,43,15,0,1,1,1,0,0,5,1,0,1,1,,,,0,1,1,0,0,0,1,,,
19969,0,2,2,12.80590278,0,0,0,thermofluid06,2470.578935,2022-07-27T06:07:18Z,3,2,1,0,0,1,0,0,0,5,0,1,1,1,,,,1,1,1,1,0,0,0,,,
19917,0,12,16,46.98149306,0,2,0,jaredsjohansen,1300.458183,2022-07-14T22:40:40Z,10,6,1,0,0,0,0,,,6,0,3,0,2,2,,3,0,1,1,0,0,0,0,,,
19901,0,2,3,0.247847222,0,4,1,lxcnet4221,1810.901412,2022-07-12T02:13:10Z,7,6,2,0,0,0,0,,,2,0,0,1,1,,,1,0,1,1,1,0,0,0,,,
19890,0,3,5,104.9104745,108,131,968,junwoo091400,2965.669514,2022-07-08T13:50:03Z,977,487,196,19,41,1,1,,,6,0,1,1,1,,,,0,1,1,1,0,0,0,,,
19859,0,3,11,0.288321759,18,34,95,arthurBricq,2512.453426,2022-07-01T08:51:53Z,2043,1410,1366,0,0,,,0,0,4,1,0,1,2,1,,,0,1,1,0,0,0,1,,,
19853,0,1,2,40.05883102,153,0,0,elpiel,3736.852963,2022-06-30T08:35:51Z,6387,3372,925,0,0,,,,,4,0,0,0,1,,,,1,1,1,0,0,0,1,,,
19852,0,2,3,75.11207176,3,5,3,a3g34n,1734.476944,2022-06-30T01:04:44Z,130,4,3,0,0,0,0,,,5,0,2,1,1,,,3,1,1,0,0,0,0,0,,,
19831,0,15,20,342.9656944,0,1,0,BAI-djohnson,1114.396863,2022-06-23T16:17:20Z,5,4,4,0,0,,,0,0,4,0,0,1,1,,,,1,1,0,0,0,0,0,,,
19797,0,2,1,2.198564815,0,0,1,lingbuweibu,2847.048067,2022-06-11T06:32:43Z,8,7,3,0,0,0,0,,,4,0,0,0,1,,,2,0,1,0,0,0,0,0,,,
19788,0,1,2,0.020034722,9,32,14,acf986,4520.680856,2022-06-09T16:51:38Z,78,24,2,0,0,1,1,,,2,0,1,0,1,,,,0,1,1,0,0,0,0,,,
19770,1,3,9,0.360590278,5,13,13,vincentpoont2,2159.246933,2022-06-07T07:05:41Z,375,149,91,1,17,1,0,0,0,5,3,0,1,1,,,,1,1,1,1,1,0,0,,,
19760,1,2,2,5.01212963,0,1,0,davegelwan,1108.284456,2022-06-02T19:28:20Z,20,3,3,0,0,,,0,0,4,2,0,1,1,,,,1,1,1,1,1,0,0,,,
19756,0,3,3,803.5036458,0,2,1,BA-ED,1255.797384,2022-06-01T21:34:22Z,8,3,3,0,1,,,0,0,4,3,1,1,1,,,,1,1,1,0,0,0,0,,,
19667,1,5,10,898.4550926,7,0,0,Katawann,2973.741007,2022-05-17T19:42:34Z,178,134,34,0,0,1,0,1,1,3,0,1,1,1,,,,1,1,1,0,0,0,0,,,
19665,1,6,19,574.5990162,7,0,0,Katawann,2973.741042,2022-05-17T17:01:18Z,178,134,34,0,0,1,0,0,0,3,2,1,1,1,,,,1,1,1,0,0,0,0,,,
19348,2,4,6,26.90344907,283,61,42,julianoes,4697.582593,2022-03-17T23:52:24Z,45155,40214,5658,2073,2221,1,0,,,4,0,0,0,1,,,,0,1,0,0,0,0,0,,,
19233,0,2,2,0.8175,619,130,536,Jaeyoung-Lim,4142.128438,2022-02-20T20:39:49Z,12424,9646,2171,156,208,1,0,,,2,0,1,0,1,,,,0,1,1,0,0,0,0,,,
19155,0,5,11,535.4811458,36,34,46,spiderkeys,4931.83963,2022-02-09T06:17:30Z,4116,2610,197,0,10,,,0,0,12,11,3,1,2,10,,,1,1,1,0,0,0,0,,,
19134,1,2,5,3.688668981,1,2,4,simopanzer89,2939.421632,2022-02-05T07:42:23Z,13,13,1,0,0,,,0,0,6,2,1,1,1,,,,1,1,1,1,0,0,1,,,
18750,1,2,1,1.537627315,119,26,5,MaEtUgR,4208.805382,2021-11-30T12:27:15Z,25762,19087,3981,930,1484,1,1,3,1,3,2,0,1,1,,,,1,1,1,1,1,0,0,,,
18595,0,5,11,169.3332639,7,13,2,thomasteisberg,4555.483773,2021-11-09T01:37:14Z,469,284,57,0,0,,,0,0,3,2,0,1,1,,,,1,1,1,1,0,0,1,,,
18576,0,1,1,2.335844907,619,130,536,Jaeyoung-Lim,4142.12853,2021-11-05T16:17:23Z,12424,8800,1905,137,208,0,0,,,2,0,0,0,1,,,*,0,1,1,0,0,0,1,,,
18574,0,4,7,3.974837963,619,130,536,Jaeyoung-Lim,4142.128553,2021-11-05T15:37:57Z,12424,8800,1905,137,208,0,0,,,2,0,1,0,1,,,1,0,1,1,0,0,0,0,,,
18573,1,3,5,257.8842361,619,130,536,Jaeyoung-Lim,4142.128565,2021-11-05T15:33:51Z,12424,8800,1905,137,208,0,0,,,2,0,1,0,1,,,1,0,1,1,1,0,0,0,,,
18385,0,2,5,4.085324074,5,4,0,BOB4Drone,1170.806863,2021-10-08T11:17:55Z,139,3,3,0,0,,,0,0,5,2,0,1,1,,,,1,1,1,1,0,0,1,,,
18306,0,3,7,434.427581,6,24,72,benjinne,3723.555058,2021-09-28T14:17:38Z,604,462,35,8,15,,,,,3,0,0,0,1,,,,0,1,1,0,0,0,0,,,
18271,0,3,4,44.95020833,7,9,0,ThomasRigi,2116.708148,2021-09-21T16:10:04Z,139,91,50,23,31,1,1,,,4,0,1,0,1,,,,0,1,1,0,0,0,1,,,
18082,2,3,2,15.01769676,0,6,1,Hylke-Atmos,1678.874444,2021-08-16T11:38:05Z,24,15,8,0,1,,,0,0,3,2,0,1,3,,2,,1,1,0,1,1,0,0,,,
18060,1,5,11,978.5152199,0,3,0,joibgbg123,2430.625382,2021-08-12T09:08:16Z,59,44,2,0,0,,,0,0,3,3,0,1,1,,,,1,1,1,1,0,0,0,,,
18014,1,3,9,820.7596296,3,5,24,dk7xe,4292.836586,2021-08-02T09:56:22Z,190,141,30,1,1,,,0,0,4,3,0,1,1,,,,1,1,0,1,0,0,0,,,
17911,2,5,7,29.21983796,2,5,0,taileron,3301.516748,2021-07-14T08:47:00Z,140,71,40,6,21,,,0,0,6,5,0,1,1,,,,0,1,0,0,0,0,1,,,
17831,1,5,8,592.8038657,57,23,47,bernhardpg,2528.819711,2021-07-01T09:15:19Z,1734,568,284,0,0,,,0,0,6,5,0,1,1,,,,1,1,1,0,0,0,0,,,
17769,1,4,5,1126.104375,283,61,42,julianoes,4697.582917,2021-06-16T06:16:10Z,45155,36189,5661,1945,2221,,,2,1,2,1,0,1,1,,,,1,1,1,0,0,0,0,,,
17746,1,3,4,245.1092245,0,4,0,VTOLDavid,3464.447535,2021-06-10T10:26:56Z,16,16,8,2,2,0,0,,,2,0,0,0,1,,,*,0,1,1,0,0,0,1,,,
17442,2,7,49,16.04034722,2,5,0,taileron,3301.516829,2021-04-22T10:47:16Z,140,46,20,0,21,,,0,0,2,2,0,1,1,,,,1,1,1,0,0,0,0,,,
17417,1,5,11,68.70822917,2,5,0,taileron,3301.516852,2021-04-17T15:29:30Z,140,44,18,0,21,,,0,0,3,3,0,1,1,,,,1,1,1,0,0,0,0,,,
17380,0,2,2,301.9700347,8,145,23,FernandezR,3748.316377,2021-04-12T16:59:59Z,1152,935,46,0,0,,,0,0,5,3,0,1,1,,,,0,1,1,0,0,0,0,,,
17323,0,3,8,0.0696875,283,61,42,julianoes,4697.583021,2021-04-05T10:34:11Z,45155,34933,6227,1870,2221,1,0,,,3,0,1,0,1,,,,0,1,1,0,0,0,0,,,
17244,1,2,6,0.880520833,0,0,0,nbort,1363.304873,2021-03-26T21:07:28Z,2,2,2,0,0,,,0,0,11,11,3,1,1,,,,1,1,0,0,0,0,0,,,
17237,1,2,3,73.16738426,16,10,0,CUAVcaijie,2700.463102,2021-03-26T03:17:55Z,122,112,60,16,18,,,0,0,6,4,0,1,1,,,,1,1,0,1,0,0,0,,,
17220,1,4,9,343.7956134,4,18,8,akarshgopal,3284.609294,2021-03-24T11:04:45Z,1545,288,59,0,0,,,0,0,2,2,0,1,1,,,,1,1,0,0,0,0,1,,,
17192,0,3,3,686.9351273,10,37,3,obicons,4245.461458,2021-03-22T12:09:40Z,543,254,112,0,1,1,0,,,3,0,0,0,1,,,,0,1,0,0,0,0,1,,,
17006,2,3,5,75.81787037,119,26,5,MaEtUgR,4208.806157,2021-03-02T20:00:09Z,25762,16248,5047,768,1484,1,0,,,4,0,1,0,1,,,,0,1,1,0,0,0,0,,,
16843,0,4,4,897.0256019,619,130,536,Jaeyoung-Lim,4142.129294,2021-02-12T20:46:36Z,12424,7457,2555,113,208,1,0,,,1,0,1,0,1,,,,0,1,1,0,0,0,0,,,
16813,1,4,7,75.95484954,12,95,57,coderkalyan,2538.105127,2021-02-10T16:45:09Z,1270,332,150,1,5,,,0,0,3,2,0,1,1,,,,1,1,0,0,0,0,0,,,
16715,1,2,3,0.270150463,56,48,774,lirc572,2559.574803,2021-02-01T07:56:25Z,3013,1138,966,0,0,0,0,,,2,0,0,0,1,,,*,0,1,1,0,0,0,0,,,
16670,0,2,3,94.7309838,0,4,0,AbhishekGS,3367.701863,2021-01-27T15:09:28Z,23,23,1,0,0,,,0,0,5,2,0,1,1,,,,1,1,0,0,0,0,0,,,
16601,0,4,4,642.9506829,5,8,10,pjdewitte,5777.223484,2021-01-20T14:10:10Z,42,16,14,0,0,,,0,0,2,1,0,1,1,,,,1,1,1,0,0,0,0,,,
16586,0,1,10,14.60888889,10,0,0,ghost,6063.897361,2021-01-19T14:02:43Z,0,0,0,0,0,,,0,0,4,2,0,1,1,,,,0,1,0,0,0,0,1,,,
16445,0,2,2,0.207789352,1,6,0,dgeorge83616,5183.249769,2020-12-24T19:06:38Z,50,24,4,0,1,1,0,,,3,0,3,0,3,,2,,0,1,1,0,0,0,0,,,
16390,1,4,8,43.14393519,22,24,96,Chris-Bee,3514.150394,2020-12-15T08:48:08Z,1614,883,189,0,0,,,1,1,3,3,0,1,1,,,,1,1,0,0,0,0,1,,,
16305,1,4,3,9.048009259,7,9,0,ThomasRigi,2116.708958,2020-11-30T15:27:13Z,139,47,33,7,31,1,1,1,1,5,3,1,1,1,,,,1,1,1,0,0,0,1,,,
16299,0,2,3,62.94486111,3,9,2,moreba1,3388.562141,2020-11-29T21:29:54Z,145,114,66,2,2,,,0,0,3,2,0,1,1,,,,0,1,1,0,0,0,1,,,
16278,1,2,7,11.77789352,10,0,0,ghost,6063.897454,2020-11-26T07:57:15Z,0,0,0,0,0,0,0,,,4,0,3,0,1,,,1,0,1,1,0,0,0,0,,,
16235,1,4,8,8.018703704,7,22,47,RicardoM17,3566.31537,2020-11-19T12:31:03Z,373,290,180,7,12,0,0,,,1,0,0,0,1,,,,1,1,0,1,0,0,1,,,
16230,0,3,6,0.375983796,119,26,5,MaEtUgR,4208.8064,2020-11-19T09:05:16Z,25762,15047,5136,715,1484,1,0,2,1,4,2,0,1,2,1,,,1,1,1,1,0,0,0,,,
16129,0,4,6,117.8777431,1,66,11,ValentineStone,3322.777153,2020-11-05T18:34:26Z,2235,545,132,0,0,,,0,0,4,3,0,1,1,,,,1,1,1,1,0,0,0,,,
16122,1,3,3,3.271550926,22,42,53,KimHyungSub,3040.66934,2020-11-05T05:27:26Z,1200,218,19,0,3,1,0,,,6,0,4,0,1,,,,1,1,1,0,0,0,1,,,
16113,0,5,18,131.7310648,7,9,0,ThomasRigi,2116.709919,2020-11-03T16:49:13Z,139,43,30,5,31,,,0,0,6,4,0,1,1,,,,1,1,1,0,0,0,0,,,
16057,0,4,19,83.99449074,7,22,47,RicardoM17,3566.316296,2020-10-27T08:29:32Z,373,277,169,7,12,1,0,,,2,0,0,0,1,,,,0,1,0,1,0,0,1,,,
15922,1,2,2,0.026435185,10,27,257,snwu1996,3758.213113,2020-10-09T05:33:56Z,1381,116,102,0,0,1,0,,,2,0,1,0,1,,,,0,1,1,0,0,0,0,,,
15826,0,3,8,6.119907407,8,10,12,justas-,4275.884676,2020-09-27T11:52:51Z,1234,896,37,0,0,,,0,0,2,2,0,1,1,,,,1,1,1,0,0,0,0,,,
15667,0,2,9,75.30685185,186,125,1,AlexisTM,3929.510208,2020-09-02T08:01:45Z,9207,5364,1849,4,6,,,0,0,6,2,0,1,2,4,,,1,1,1,1,0,0,1,,,
15628,1,2,3,24.60118056,44,57,154,SalimTerryLi,3629.039201,2020-08-27T05:23:08Z,631,233,127,15,30,1,1,,,5,0,1,0,1,,,,0,1,1,0,0,0,0,,,
15612,0,3,5,895.8437269,6,6,17,petrlmat,3334.297095,2020-08-25T14:07:38Z,2143,1342,527,0,0,,,0,0,2,2,0,1,1,,,,1,1,0,0,0,0,1,,,
15595,0,3,19,508.392338,2,5,0,taileron,3301.518565,2020-08-21T13:16:04Z,140,34,8,0,21,,,1,1,4,4,0,1,3,,1,,1,1,0,0,0,0,0,,,
15527,1,2,10,519.2271181,2,5,0,taileron,3301.518588,2020-08-10T17:03:03Z,140,33,7,0,21,,,0,0,3,1,0,1,1,,,,1,1,1,0,0,0,0,,,
15501,1,3,3,165.5827431,8,10,13,notoriou5,3230.401285,2020-08-06T06:48:47Z,21,6,4,0,1,1,1,,,4,0,0,0,1,,,,0,1,1,1,0,0,0,,,
15466,1,2,5,8.359988426,2,5,0,taileron,3301.518623,2020-08-01T09:46:35Z,140,32,6,0,21,,,,,4,0,0,0,1,,,,1,1,0,0,0,0,0,,,
15417,0,2,4,284.3574653,0,3,0,bravepaulo,1808.473252,2020-07-25T08:16:43Z,8,7,7,0,0,,,0,0,3,0,1,1,1,,,,1,1,0,0,0,0,0,,,
15410,1,3,3,179.1410069,7,9,0,ThomasRigi,2116.71015,2020-07-23T17:26:57Z,139,39,35,4,31,1,1,,,5,0,1,0,1,,,,0,1,1,1,0,0,1,,,
15409,2,4,4,11.69231481,7,9,0,ThomasRigi,2116.710162,2020-07-23T17:08:13Z,139,39,35,4,31,1,1,,,4,0,1,0,1,,,,0,1,1,0,0,0,1,,,
15408,1,3,3,17.6646412,7,9,0,ThomasRigi,2116.710185,2020-07-23T16:42:52Z,139,39,35,4,31,1,1,,,5,0,1,0,2,1,,,0,1,1,0,0,0,1,,,
15347,2,7,21,202.4924884,3,3,0,FlavioTonelli,3707.771146,2020-07-16T07:43:41Z,39,30,15,1,1,,,0,0,2,2,0,1,1,,,,0,1,0,0,0,0,1,,,
15211,1,4,13,999.7640625,619,130,536,Jaeyoung-Lim,4142.130694,2020-06-24T10:16:54Z,12424,5882,2464,67,208,1,0,,,3,0,1,0,1,,,,0,1,1,0,0,1,0,,,
15069,1,4,4,206.2292014,2,0,0,steffensol,3617.813079,2020-06-09T19:45:18Z,22,19,4,0,0,,,0,0,6,5,0,1,1,,,,1,1,0,1,0,0,0,,,
15065,0,2,6,148.5990741,283,61,42,julianoes,4697.584907,2020-06-09T15:04:46Z,45155,30452,6462,1748,2221,0,0,,,5,0,2,0,1,,,1,0,1,1,0,0,0,1,,,
15042,1,2,12,0.32912037,2,11,0,almaaro,4098.594954,2020-06-05T11:02:30Z,108,106,2,1,1,,,0,0,3,2,0,1,1,,,,1,1,0,1,0,0,1,,,
15037,2,4,5,42.05857639,11,5,26,xdwgood,2904.843218,2020-06-05T01:37:52Z,488,347,164,9,16,1,0,,,2,0,0,0,1,,,,0,1,0,1,1,0,1,,,
14947,2,7,10,973.6637847,7,9,0,ThomasRigi,2116.710313,2020-05-20T16:40:22Z,139,22,19,1,31,0,0,,,6,0,1,0,1,,,*,0,1,1,0,0,0,1,,,
14909,0,3,7,42.10560185,283,61,42,julianoes,4697.584988,2020-05-15T11:16:19Z,45155,29827,6140,1710,2221,1,1,,,2,0,0,0,1,,,,0,1,1,1,0,0,1,,,
14904,0,3,9,4.639201389,283,61,42,julianoes,4697.585012,2020-05-14T15:32:39Z,45155,29812,6154,1710,2221,0,0,,,2,0,1,0,1,,,2,0,1,1,0,0,0,0,,,
14903,0,2,6,370.6710532,283,61,42,julianoes,4697.585023,2020-05-14T15:29:10Z,45155,29812,6154,1710,2221,1,0,,,4,0,2,0,1,,,,0,1,1,1,0,0,1,,,
14888,0,3,7,1095.502095,15,5,2,dfarnainekl,4409.600208,2020-05-11T20:06:34Z,2867,487,190,0,0,1,0,,,4,0,0,0,1,,,,0,1,1,0,0,0,0,,,
14840,0,2,6,1402.225405,361,29,11,mhkabir,4100.633507,2020-05-06T01:35:37Z,4878,2387,750,202,205,0,0,,,6,0,0,0,1,,,*,0,1,0,1,0,0,1,,,
14838,0,3,11,36.70203704,0,2,0,MartinStokelj,2717.569502,2020-05-05T19:11:20Z,30,16,10,0,0,,,1,1,2,2,0,1,1,,,,1,1,0,0,0,0,1,,,
14824,0,2,7,1.750185185,4,3,38,Bert-Tec,2203.414664,2020-05-04T16:03:57Z,50,41,33,0,0,1,0,,,3,0,3,0,1,,,,0,1,1,0,0,0,0,,,
14802,0,7,9,99.63021991,6,24,72,benjinne,3723.557384,2020-04-30T19:52:04Z,604,427,41,0,15,,,0,0,2,2,0,1,1,,,,1,1,1,0,0,0,0,,,
14736,1,3,10,177.8677894,54,43,163,JacobCrabill,4058.949086,2020-04-22T18:57:30Z,2483,1119,200,12,66,,,0,0,5,3,2,1,1,,,,1,1,1,1,0,0,0,,,
14730,1,3,14,4.026018519,31,54,189,mortenfyhn,3964.56559,2020-04-22T08:00:11Z,18086,8520,2516,6,12,,,0,0,4,2,1,1,1,,,,1,1,1,1,0,0,0,,,
14718,0,3,2,36.09606481,7,9,0,ThomasRigi,2116.710521,2020-04-21T11:28:46Z,139,20,17,1,31,0,0,,,3,0,1,0,1,,,*,0,1,1,1,0,0,1,,,
14717,1,3,20,58.38144676,0,2,0,MartinStokelj,2717.569618,2020-04-21T10:18:25Z,30,15,10,0,0,,,0,0,5,5,0,1,1,,,,1,1,0,0,0,0,0,,,
14671,0,3,6,413.0555324,0,0,0,saengphet,3508.720058,2020-04-15T04:11:19Z,,,,0,0,,,1,1,3,3,0,1,1,,,,1,1,1,0,0,1,0,,,
14670,1,3,3,22.0562963,4,4,0,modaltb,2060.46816,2020-04-14T23:33:54Z,242,57,57,12,26,,,0,0,3,0,0,1,1,,,,1,1,1,1,0,0,0,,,
14659,2,5,6,118.7080671,0,0,0,saengphet,3508.720093,2020-04-14T04:28:41Z,,,,0,0,,,0,0,4,2,0,1,1,,,,1,1,1,0,0,0,1,,,
14649,0,3,3,6.615706019,0,2,0,navioglider,1739.802049,2020-04-12T17:51:09Z,5,3,3,0,0,,,0,0,3,2,0,1,1,,,,1,1,1,0,0,0,0,,,
14612,1,2,7,0.992013889,3,17,17,NicolasM0,1825.791898,2020-04-07T15:08:19Z,138,24,24,2,29,,,0,0,3,3,0,1,1,,,,1,1,0,1,0,0,1,,,
14600,2,3,11,0.985451389,772,0,0,dagar,5697.236019,2020-04-05T17:03:08Z,107290,77095,14451,2966,5391,,,0,0,8,7,0,1,3,,8,,0,1,0,1,0,0,1,,,
14588,0,3,7,35.77277778,11,5,26,xdwgood,2904.8436,2020-04-03T11:45:25Z,488,287,109,7,16,1,0,,,6,0,1,0,1,,,,0,1,0,1,0,0,1,,,
14579,0,3,5,11.98046296,2,1,5,Thijs----,3935.473125,2020-04-02T15:52:53Z,6,4,2,0,0,,,0,0,4,2,1,1,1,,,,1,1,1,0,0,0,0,,,
14566,2,6,6,34.98475694,4,3,0,rolandash,3403.502963,2020-04-01T18:16:52Z,51,40,9,7,8,,,0,0,4,2,0,1,1,,,,0,1,1,0,0,0,0,,,
14527,2,3,4,37.14328704,119,26,5,MaEtUgR,4208.808102,2020-03-30T14:27:36Z,25762,11734,4489,581,1484,,,1,1,7,5,0,1,2,4,,,0,1,1,1,0,0,0,,,
14479,0,2,6,291.2216667,10,9,0,BazookaJoe1900,2722.89956,2020-03-25T15:00:41Z,257,137,87,27,50,0,0,,,5,0,0,0,1,,,1,0,1,1,1,0,0,1,,,
14456,1,2,1,0.167789352,103,24,2,bresch,3373.561111,2020-03-23T08:34:47Z,3177,1005,576,276,956,0,0,,,3,0,0,0,1,,,1,0,1,1,0,0,0,1,,,
14442,0,3,3,97.88184028,31,13,6,airmind,3618.725532,2020-03-20T16:20:03Z,67,61,22,0,0,,,1,1,3,1,0,1,1,,,,1,1,1,0,0,0,0,,,
14440,0,3,3,0.2628125,283,61,42,julianoes,4697.585463,2020-03-20T15:59:39Z,45155,28372,5583,1677,2221,,,,,2,0,0,0,1,,,,0,1,1,0,0,0,0,,,
14439,0,2,4,0.009537037,283,61,42,julianoes,4697.585475,2020-03-20T13:47:05Z,45155,28372,5583,1676,2221,,,1,1,4,2,2,1,1,,,,1,1,1,0,0,0,0,,,
14354,2,5,17,297.0425926,22,8,0,pkocmoud,3922.125289,2020-03-10T23:20:06Z,144,87,38,3,3,,,0,0,3,2,0,1,1,,,,1,1,1,0,0,0,0,,,
14303,1,4,7,37.3133912,119,26,5,MaEtUgR,4208.808229,2020-03-05T12:35:57Z,25762,11205,4118,556,1484,0,0,,,4,0,1,0,1,,,1,0,1,1,1,0,0,1,,,
14300,0,2,4,82.08990741,283,61,42,julianoes,4697.585532,2020-03-05T09:46:11Z,45155,27920,5245,1628,2221,1,0,,,3,0,1,0,3,,2,,0,1,1,0,0,0,0,,,
14281,1,6,9,224.4095602,2,2,11,depauwjimmy,3271.746042,2020-03-02T17:13:16Z,4306,2647,370,0,0,,,0,0,3,2,0,1,1,,,,1,1,1,0,0,0,0,,,
14274,0,3,6,52.61001157,29,86,316,ShiauweiZhao,3690.056701,2020-03-02T09:27:15Z,309,152,61,0,5,,,0,0,3,2,0,1,1,,,,1,1,1,0,0,0,1,,,
14260,0,4,4,117.7585417,0,21,2,thomaswatters,4238.044919,2020-02-28T15:17:13Z,145,142,18,0,0,0,0,,,6,0,1,0,1,,,1,0,1,1,0,0,0,1,,,
14251,0,2,3,25.96810185,13,14,2,CarlOlsson,3850.548657,2020-02-27T08:24:23Z,728,690,179,138,151,,,,,3,0,0,1,1,,,,0,1,0,1,0,0,0,,,
14243,0,1,1,33.99253472,24,15,1,sfuhrer,2820.452442,2020-02-26T12:14:10Z,2165,179,158,50,813,0,0,,,3,0,0,0,1,,,3,0,1,0,0,0,0,1,,,
14232,0,3,4,27.69361111,13,14,2,CarlOlsson,3850.548692,2020-02-25T14:59:39Z,728,687,178,138,151,,,,,2,0,0,1,1,,,,0,1,0,1,0,0,0,,,
14223,0,2,4,28.6137963,13,14,2,CarlOlsson,3850.548704,2020-02-24T16:54:35Z,728,683,175,137,151,,,,,2,0,0,1,1,,,,0,1,1,0,0,0,1,,,
14206,0,8,34,167.9070949,127,40,143,AlexKlimaj,4533.218194,2020-02-22T02:49:16Z,2043,360,245,2,145,,,0,0,3,2,0,1,1,,,,1,1,1,1,0,0,0,,,
14200,0,1,3,1.676331019,283,61,42,julianoes,4697.585706,2020-02-21T09:11:46Z,45155,27716,5093,1617,2221,0,0,,,3,0,3,0,1,,,1,0,1,1,0,0,0,1,,,
14189,0,4,9,84.77833333,4,4,12,dzambrano,3032.563877,2020-02-19T22:00:39Z,315,143,11,0,0,1,0,,,6,0,6,0,1,,,,0,1,1,0,0,0,1,,,
14161,0,1,2,13.36737269,10,9,0,BazookaJoe1900,2722.899896,2020-02-14T08:11:48Z,257,112,78,21,50,0,0,,,3,0,0,0,3,,1,1,0,1,0,0,0,0,0,,,
14157,0,3,8,718.7891204,10,15,7,ndepal,3750.187326,2020-02-13T17:27:32Z,244,220,22,39,39,,,0,0,6,2,0,1,1,,,,1,1,1,0,0,0,0,,,
14150,1,3,2,24.05079861,119,26,5,MaEtUgR,4208.808495,2020-02-13T10:25:33Z,25762,11068,4214,552,1484,1,0,,,4,0,2,0,1,,,,0,1,1,0,0,0,0,,,
14133,0,3,5,64.1612963,2,1,5,Thijs----,3935.473576,2020-02-10T11:46:48Z,6,3,1,0,0,,,0,0,2,2,0,1,1,,,,1,1,0,1,0,0,1,,,
14101,0,4,5,98.47707176,4,28,0,marcelino-pensa,2021.476204,2020-02-04T18:50:23Z,127,28,28,0,0,,,0,0,3,3,1,1,1,,,,1,1,1,0,0,0,0,,,
14075,1,4,10,332.91625,22,24,96,Chris-Bee,3514.152639,2020-01-31T09:37:15Z,1614,708,251,0,0,,,0,0,5,2,0,1,1,,,,1,1,0,0,0,0,1,,,
14011,1,3,2,1.648738426,163,58,13,bkueng,5327.421736,2020-01-22T16:08:06Z,44622,29095,4369,1831,2725,1,0,,,2,0,0,0,1,,,,0,1,1,0,0,0,0,,,
13962,2,7,12,153.4064005,2,6,0,dusan19,2520.502639,2020-01-16T19:08:14Z,72,36,30,11,18,0,0,,,1,0,0,0,1,,,1,0,1,1,1,0,0,0,,,
13956,2,5,7,96.53638889,4,3,0,Tony3dr,2406.445093,2020-01-15T18:43:30Z,44,44,26,0,0,,,0,0,6,2,0,1,1,,,,1,1,0,1,0,0,1,,,
13952,0,1,1,2.234652778,130,32,1,RomanBapst,3868.69309,2020-01-15T12:21:44Z,2045,1250,220,290,477,1,0,,,4,0,0,0,1,,,,0,1,0,1,0,0,1,,,
13946,1,3,5,368.8315972,5,8,45,xiangyu-wu,2822.066991,2020-01-15T01:13:51Z,29,22,13,0,0,,,0,0,3,1,1,1,1,,,,1,1,1,0,0,0,0,,,
13892,1,4,5,1559.889063,4,3,0,Tony3dr,2406.445162,2020-01-08T23:38:39Z,44,43,25,0,0,,,0,0,7,7,0,1,1,,,,1,1,1,1,0,0,1,,,
13856,1,2,8,33.96952546,1,4,0,altshuler,2799.803287,2020-01-05T21:06:35Z,18,17,12,0,0,,,0,0,1,0,1,1,1,,,,1,1,1,0,0,0,0,,,
13793,0,4,5,962.3480787,1,10,22,jordancoult,2603.324387,2019-12-27T05:10:18Z,1773,76,7,0,0,,,0,0,4,3,0,1,1,,,,1,1,0,1,0,0,1,,,
13754,0,2,4,94.17423611,3,5,0,hyonlim,4037.934722,2019-12-17T06:43:33Z,60,43,38,0,11,0,0,,,4,0,0,0,1,,,1,0,1,0,0,0,0,1,,,
13752,1,4,11,1304.973229,0,0,1,sevet,4213.852697,2019-12-16T11:53:06Z,15,8,2,0,0,,,1,1,4,2,0,1,1,,,,1,1,1,0,0,0,0,,,
13751,1,2,3,1212.712755,119,26,5,MaEtUgR,4208.808762,2019-12-15T19:23:18Z,25762,10534,4285,534,1484,0,0,,,5,0,0,0,1,,,*,0,1,0,1,0,0,1,,,
13732,2,5,9,114.5729745,4,3,0,Tony3dr,2406.445278,2019-12-11T23:54:50Z,44,42,24,0,0,,,0,0,4,2,0,1,1,,,,1,1,0,1,0,0,1,,,
13731,0,4,5,92.10127315,0,0,1,sevet,4213.852755,2019-12-11T16:27:41Z,15,7,1,0,0,,,0,0,4,2,0,1,1,,,,1,1,0,0,0,0,0,,,
13724,0,2,4,100.7207176,3,5,0,hyonlim,4037.934815,2019-12-10T17:36:53Z,60,41,36,0,11,0,0,,,3,0,0,0,1,,,1,0,1,0,0,0,0,0,,,
13688,0,2,7,105.0474074,6,21,21,negvet,3242.512025,2019-12-06T09:44:48Z,581,33,4,0,0,,,0,0,6,5,0,1,1,,,,1,1,1,1,0,0,0,,,
13682,0,2,5,410.5112731,24,15,1,sfuhrer,2820.452963,2019-12-05T08:42:31Z,2165,131,119,31,813,1,0,,,2,0,0,0,1,,,,0,1,1,0,0,0,0,,,
13675,0,3,8,50.17954861,283,61,42,julianoes,4697.586169,2019-12-04T10:40:51Z,45155,26332,4842,1546,2221,,,0,0,2,0,0,1,1,,,,0,1,0,1,0,0,1,,,
13654,0,3,3,3.165428241,44,57,154,SalimTerryLi,3629.040718,2019-12-02T08:33:23Z,631,131,63,2,30,1,1,,,1,0,1,0,1,,,,1,1,1,0,0,0,1,,,
13533,0,1,1,3.253391204,283,61,42,julianoes,4697.586204,2019-11-20T09:24:49Z,45155,26196,5083,1537,2221,,,0,0,4,2,0,1,1,,,,0,1,0,1,0,0,1,,,
13508,0,3,7,286.5301042,3,5,0,hyonlim,4037.934931,2019-11-18T22:06:41Z,60,40,35,0,11,,,0,0,3,1,0,1,3,,3,,1,1,1,0,0,0,1,,,
13471,0,2,5,5.8225,0,11,0,langrind,3563.4925,2019-11-14T13:41:58Z,49,14,13,0,2,0,0,0,0,2,1,0,1,1,,,1,1,1,1,1,0,0,1,,,
13467,0,3,4,1764.988287,17,32,7,jbeyerstedt,4220.787731,2019-11-14T09:50:41Z,1005,502,72,3,6,1,1,,,4,0,1,0,1,,,,0,1,1,0,0,0,1,,,
13455,1,3,5,333.9398611,7,8,13,cmic0,3880.514398,2019-11-13T13:50:35Z,360,246,95,64,98,1,0,,,4,0,0,0,1,,,,0,1,1,0,0,0,0,,,
13415,1,4,3,12.08234954,38,55,102,dakejahl,2480.119178,2019-11-07T19:19:27Z,3799,549,411,15,67,1,0,,,2,0,0,0,1,,,,0,1,0,1,0,0,1,,,
13377,1,2,3,1.005972222,7,9,0,ThomasRigi,2116.711667,2019-11-04T14:24:40Z,139,14,14,1,31,1,0,,,2,0,1,0,1,,,,0,1,1,0,0,0,0,,,
13374,2,2,2,1.113310185,58,27,24,jkflying,4599.489653,2019-11-04T11:14:21Z,3565,706,635,26,27,1,0,,,2,0,0,0,1,,,,0,1,0,0,0,0,0,,,
13329,0,2,20,96.19645833,283,61,42,julianoes,4697.586354,2019-10-31T10:01:36Z,45155,25787,5049,1509,2221,,,0,0,2,1,1,1,1,,,,1,1,1,0,0,0,0,,,
13313,0,5,6,324.1702199,0,2,0,mwiatt,4240.362593,2019-10-30T04:00:38Z,13,4,2,0,1,,,0,0,4,2,0,1,1,,,,1,1,1,0,0,0,1,,,
13309,0,2,6,0.141956019,66,10,528,prothen,3356.399363,2019-10-29T10:29:15Z,277,4,1,0,0,0,0,,,3,0,3,0,1,,,2,0,1,1,0,0,0,1,,,
13292,1,2,7,0.5115625,283,61,42,julianoes,4697.586412,2019-10-28T08:36:09Z,45155,25651,4946,1498,2221,1,1,,,2,0,0,0,1,,,,0,1,1,1,0,0,0,,,
13280,2,3,5,0.451527778,3,5,0,hyonlim,4037.935139,2019-10-27T05:25:28Z,60,39,35,0,11,,,0,0,4,2,0,1,1,,,,1,1,0,1,0,0,0,,,
13244,1,2,4,0.051666667,3,5,24,dk7xe,4292.840174,2019-10-22T07:23:05Z,190,109,6,0,1,,,0,0,4,4,0,1,1,,,,1,1,1,1,0,0,1,,,
13231,1,5,5,592.621956,283,61,42,julianoes,4697.586794,2019-10-18T14:35:10Z,45155,25435,4827,1494,2221,1,0,,,2,0,0,0,3,,1,,0,1,0,1,0,0,1,,,
13180,0,2,2,14.48309028,619,130,536,Jaeyoung-Lim,4142.132627,2019-10-14T10:06:49Z,12424,4182,2653,11,208,0,0,,,3,0,0,0,1,,,2,0,1,1,1,0,0,1,,,
13148,1,5,12,154.8921065,4,3,0,Tony3dr,2406.44603,2019-10-09T18:53:01Z,44,41,28,0,0,,,0,0,5,2,0,1,1,,,,1,1,0,1,0,0,1,,,
13147,0,9,27,92.11603009,38,55,102,dakejahl,2480.119734,2019-10-09T18:43:42Z,3799,492,405,12,67,,,0,0,3,2,0,1,1,,,,1,1,0,1,0,0,0,,,
13116,0,5,9,201.7733565,1,24,3,michael-p,5111.624213,2019-10-07T19:53:47Z,2114,466,427,0,0,0,0,,,4,0,1,0,1,,,1,0,1,1,0,0,0,0,,,
13087,0,5,9,31.7803125,10,9,0,BazookaJoe1900,2722.901042,2019-10-03T07:31:29Z,257,91,71,15,50,,,,,2,0,0,1,1,,,,1,1,0,0,0,0,0,,,
13055,0,3,8,5.82349537,15,66,12,Crowdedlight,3840.376169,2019-09-30T09:25:01Z,2364,1200,84,0,0,,,0,0,3,1,0,1,1,,,,1,1,1,0,0,0,0,,,
13030,1,1,1,2.885069444,24,15,1,sfuhrer,2820.45375,2019-09-26T07:56:24Z,2165,101,89,25,813,1,0,,,2,0,0,0,1,,,,0,1,0,1,0,0,1,,,
13012,0,4,10,496.7323958,0,8,0,LukasAKeen,2116.989803,2019-09-23T15:06:53Z,10,10,10,0,0,1,1,,,1,0,1,0,1,,,,0,1,1,1,0,0,0,,,
13010,0,2,3,5.803275463,24,15,1,sfuhrer,2820.453785,2019-09-23T09:54:11Z,2165,97,85,25,813,1,0,,,2,0,0,0,1,,,,0,1,0,1,0,0,0,,,
13001,1,2,3,4.2428125,283,61,42,julianoes,4697.586991,2019-09-21T06:47:30Z,45155,25053,4887,1475,2221,1,0,,,1,0,1,0,1,,,,0,1,1,0,0,0,0,,,
12980,0,4,13,229.2694444,53,22,67,Pedro-Roque,4166.214641,2019-09-17T16:31:12Z,3247,985,217,1,2,,,0,0,3,2,0,1,1,,,,1,1,0,0,0,0,1,,,
12955,1,2,3,11.79943287,19,41,4,AmeliaEScott,4999.21603,2019-09-13T13:35:05Z,939,698,115,1,1,,,0,0,3,0,3,1,1,,,,1,1,1,0,0,0,0,,,
12932,0,3,5,497.0738079,1,15,7,dlwalter,3948.910845,2019-09-09T19:45:04Z,998,149,96,3,3,,,0,0,3,1,0,1,1,,,,0,1,1,0,0,0,0,,,
12919,0,1,1,12.84079861,103,24,2,bresch,3373.562743,2019-09-06T15:53:14Z,3177,671,474,190,956,,,0,0,3,2,0,1,1,,,,1,1,0,1,0,0,0,,,
12900,0,3,7,1706.556701,10,9,0,BazookaJoe1900,2722.901238,2019-09-04T20:19:29Z,257,82,62,14,50,0,0,,,3,0,0,0,1,,,1,0,1,1,0,0,0,0,,,
12879,0,2,3,5.681608796,24,15,1,sfuhrer,2820.453924,2019-09-02T17:41:37Z,2165,84,72,22,813,,,0,0,3,3,0,1,1,,,,0,1,0,1,0,0,0,,,
12855,0,5,11,290.730463,10,9,0,BazookaJoe1900,2722.901273,2019-08-31T12:22:02Z,257,74,54,10,50,1,0,,,2,0,0,1,1,,,,1,1,1,0,0,0,0,,,
12833,0,3,5,1082.648542,0,4,1,Seeelefant,2708.462269,2019-08-28T21:42:13Z,57,30,20,0,0,,,0,0,3,2,0,1,4,,,,0,1,0,1,0,0,0,,,
12813,0,4,16,168.979838,66,10,0,baumanta,2865.16375,2019-08-27T09:34:46Z,383,262,229,21,56,,,,,2,0,1,0,1,,,,0,1,1,0,0,0,0,,,
12761,0,7,11,1547.039861,2,3,20,superware,3930.783495,2019-08-21T08:40:22Z,66,38,5,0,0,1,1,,,4,0,0,0,1,,,,0,1,1,0,0,0,0,,,
12758,3,5,7,56.94631944,7,9,0,ThomasRigi,2116.712546,2019-08-20T17:15:29Z,139,6,6,0,31,1,0,,,9,0,3,0,1,,,,1,1,1,1,0,0,1,,,
12692,2,10,12,658.3278588,4,3,0,Tony3dr,2406.446424,2019-08-13T21:36:49Z,44,39,37,0,0,,,0,0,7,4,0,1,1,,,,1,1,0,1,1,0,1,,,
12637,0,4,5,1176.684769,6,50,70,AlexandreBorowczyk,4630.684444,2019-08-05T20:32:42Z,161,128,9,0,0,,,0,0,4,2,0,1,1,,,,0,1,1,0,0,0,0,,,
12626,1,1,2,57.37821759,24,15,1,sfuhrer,2820.454074,2019-08-05T08:11:13Z,2165,55,43,5,813,1,0,,,3,0,0,0,1,,,,0,1,1,0,0,0,0,,,
12517,0,2,1,33.67670139,619,130,536,Jaeyoung-Lim,4142.13309,2019-07-18T23:01:29Z,12424,3581,2572,2,208,,,,,2,0,0,0,1,,,,0,1,0,1,0,0,1,,,
12471,0,2,10,1977.774688,283,61,42,julianoes,4697.587292,2019-07-12T11:54:57Z,45155,24243,5124,1459,2221,1,0,,,3,0,1,0,1,,,,0,1,1,0,0,0,1,,,
12338,2,4,1,9.138263889,1,15,7,dlwalter,3948.9111,2019-06-26T16:21:23Z,998,132,80,1,3,1,0,,,2,0,0,0,1,,,,0,1,1,1,0,0,1,,,
12307,1,5,11,125.3050926,3,4,2,RyanHurst,3381.569664,2019-06-19T01:45:09Z,145,118,35,0,0,,,0,0,2,2,0,1,1,,,,1,1,0,0,0,0,1,,,
12251,1,12,24,686.2037731,0,1,0,hardeman,2645.33544,2019-06-12T11:46:54Z,7,4,3,0,0,,,0,0,3,1,0,1,1,,,,1,1,0,0,0,0,0,,,
12241,2,2,5,4.533402778,283,61,42,julianoes,4697.587373,2019-06-11T13:39:47Z,45155,24002,5188,1455,2221,1,0,,,1,0,1,0,1,,,,0,1,1,0,0,0,0,,,
12240,0,7,24,260.889456,283,61,42,julianoes,4697.587396,2019-06-11T11:41:21Z,45155,24002,5188,1455,2221,1,1,,,6,0,3,0,1,,,,0,1,1,0,0,0,0,,,
12221,0,4,10,124.1914583,3,15,1,jannsta1,3585.727222,2019-06-09T11:54:10Z,75,20,9,0,0,0,0,,,4,0,2,0,1,,,1,1,1,1,0,0,0,1,,,
12201,2,5,19,101.6465509,29,111,18,sfalexrog,3862.524572,2019-06-06T19:10:29Z,1671,806,390,1,2,0,0,0,0,4,3,0,1,3,,4,4,1,1,1,0,0,0,0,,,
12193,1,2,2,3.174837963,4,3,0,Tony3dr,2406.446655,2019-06-05T22:16:09Z,44,35,34,0,0,,,0,0,3,2,0,1,1,,,,0,1,1,1,0,0,1,,,
12190,1,3,6,10.49876157,283,61,42,julianoes,4697.587477,2019-06-05T13:32:29Z,45155,23967,5208,1454,2221,1,1,,,1,0,1,0,1,,,,0,1,1,0,0,0,0,,,
12171,2,3,1,226.2276968,119,26,5,MaEtUgR,4208.810208,2019-06-04T16:10:53Z,25762,8084,3254,406,1484,0,0,0,0,4,3,0,1,1,,,2,1,1,0,0,0,0,0,,,
12071,2,12,27,159.3134259,2,12,7,JohnSnowball,3173.130208,2019-05-25T08:23:57Z,186,174,3,0,0,,,0,0,3,3,0,1,3,,1,,1,1,0,0,0,0,1,,,
12029,0,3,21,41.7734838,3,15,1,jannsta1,3585.727361,2019-05-16T17:17:49Z,75,18,7,0,0,0,0,,,3,0,1,0,1,,,1,0,1,1,0,0,0,0,,,
12006,0,4,13,94.49296296,361,29,11,mhkabir,4100.636007,2019-05-13T00:40:11Z,4878,1642,400,196,205,0,0,,,3,0,1,0,1,,,2,0,1,1,0,0,0,1,,,
11945,1,4,5,4.9225,5,30,184,smnogar,3241.287963,2019-05-01T22:24:05Z,234,14,5,0,2,,,0,0,3,1,1,1,1,,,,1,1,1,0,0,0,0,,,
11942,0,3,7,106.6649074,0,2,0,7st4r,2236.890741,2019-04-30T14:10:31Z,11,11,11,0,0,,,0,0,4,2,0,1,4,,,,0,1,1,0,0,0,0,,,
11929,1,3,3,5.880902778,1,7,123,a6a3uh,4571.508137,2019-04-29T12:55:31Z,166,82,21,0,0,1,0,0,0,5,2,1,1,1,,,,1,1,1,0,0,0,0,,,
11901,1,3,3,0.771157407,186,125,1,AlexisTM,3929.513218,2019-04-24T14:25:39Z,9207,3319,999,2,6,0,0,,,2,0,1,0,1,,,1,0,1,1,0,0,0,0,,,
11899,0,4,16,1208.893391,31,13,6,airmind,3618.727755,2019-04-24T12:38:18Z,67,40,7,0,0,,,0,0,3,2,0,1,1,,,,1,1,0,1,0,0,0,,,
11880,2,6,22,3.837210648,23,34,39,kaklik,4783.43184,2019-04-20T16:22:39Z,25293,17407,670,0,3,,,0,0,6,5,0,1,1,,,,0,1,0,1,0,0,1,,,
11875,1,3,12,2.191793981,11,5,26,xdwgood,2904.845972,2019-04-19T07:25:39Z,488,182,89,3,16,,,0,0,6,0,0,1,2,4,,,0,1,1,0,0,0,0,,,
11860,2,6,15,34.46633102,3,4,4,echoGee,5122.308021,2019-04-16T00:56:04Z,107,42,13,0,1,,,0,0,5,1,0,1,1,,,,1,1,1,0,0,0,0,,,
11847,1,6,17,1218.750417,361,29,11,mhkabir,4100.636204,2019-04-14T16:08:01Z,4878,1626,415,196,205,0,0,0,0,3,2,0,1,1,,,3,0,1,1,1,0,0,1,,,
11832,2,4,3,853.4469329,0,1,0,jzazbert,4747.220741,2019-04-10T16:54:29Z,7,7,4,0,0,,,1,1,3,3,0,1,1,,,,1,1,1,0,0,0,0,,,
11794,1,2,3,5.425162037,283,61,42,julianoes,4697.587789,2019-04-05T08:39:50Z,45155,23122,5203,1408,2221,,,,,4,0,0,0,1,,,,0,1,1,0,0,0,0,,,
11778,1,3,5,10.00600694,130,32,1,RomanBapst,3868.694988,2019-04-03T15:06:30Z,2045,1057,241,240,477,,,0,0,4,4,0,1,1,,,,1,1,0,0,0,0,0,,,
11751,0,3,5,304.8336921,0,8,7,teknokita,4539.452986,2019-03-31T21:06:53Z,12,2,1,0,0,,,0,0,3,0,1,1,1,,,,0,1,1,1,0,0,0,,,
11750,0,8,17,760.7195139,5,10,323,dcabecinhas,3301.820671,2019-03-31T20:39:07Z,68,33,3,0,0,,,0,0,3,2,0,1,1,,,,0,1,1,0,0,0,0,,,
11716,2,7,24,238.2320833,25,23,0,Stifael,3437.779097,2019-03-25T08:38:10Z,959,912,370,354,355,,,0,0,7,1,4,1,2,1,,,0,1,1,0,0,0,0,,,
11685,0,3,3,21.34488426,1,7,3,fpvaspassion,3901.942558,2019-03-20T10:35:26Z,35,25,18,1,1,,,0,0,3,2,0,1,1,,,,0,1,0,0,0,0,0,,,
11646,1,2,5,342.0623727,119,26,5,MaEtUgR,4208.810613,2019-03-14T14:30:47Z,25762,7221,2859,361,1484,,,0,0,4,3,0,1,1,,,,1,1,0,1,0,0,1,,,
11551,0,1,4,118.0860648,103,24,2,bresch,3373.563611,2019-02-27T10:50:28Z,3177,377,272,99,956,0,0,,,4,0,0,0,1,,,1,0,1,1,1,0,0,1,,,
11492,1,10,16,66.01347222,1,15,7,dlwalter,3948.911736,2019-02-18T20:54:42Z,998,74,29,0,3,,,0,0,2,2,0,1,1,,,,1,1,0,0,0,0,1,,,
11452,0,3,5,56.36322917,103,24,2,bresch,3373.563646,2019-02-13T10:09:01Z,3177,360,262,95,956,,,,,4,0,0,1,1,,,,0,1,0,1,0,0,0,,,
11433,0,2,3,58.20450231,1,15,22,ArkadiuszNiemiec,3523.649375,2019-02-11T13:57:35Z,95,47,34,0,0,,,0,0,6,4,0,1,1,,,,0,1,1,1,0,0,0,,,
11408,3,5,8,61.92670139,4,3,0,Tony3dr,2406.447199,2019-02-07T20:37:37Z,44,21,21,0,0,0,0,0,0,7,6,0,1,1,,,0,1,1,0,0,0,0,1,,,
11386,1,3,6,152.8931019,8,53,111,r1b4z01d,4328.316516,2019-02-05T22:11:20Z,1301,299,162,0,0,,,0,0,4,3,2,1,1,,,,1,1,0,0,0,0,0,,,
11364,0,5,9,319.8201157,7,63,19,blutack,5256.525868,2019-02-01T14:11:55Z,390,294,23,0,0,0,0,,,2,0,0,0,1,,,1,0,1,1,0,0,0,0,,,
11282,0,4,18,432.9240509,118,15,1,davids5,4545.189954,2019-01-23T13:40:46Z,4167,676,181,0,989,,,0,0,3,3,0,1,1,,,,1,1,0,0,0,0,0,,,
11238,1,5,20,262.5915972,0,1,0,jzazbert,4747.221065,2019-01-18T17:05:48Z,7,4,1,0,0,,,0,0,3,2,0,1,1,,,,1,1,1,0,0,0,1,,,
11226,1,3,6,84.01491898,276,132,41,jgoppert,5153.78787,2019-01-16T18:30:35Z,13066,8470,791,613,615,,,0,0,4,2,0,1,1,,,,0,1,1,0,0,0,0,,,
11220,1,8,15,1955.068183,7,13,5,tecnic08,4401.755868,2019-01-15T09:42:37Z,124,54,2,0,0,,,0,0,7,7,0,1,1,,,,1,1,0,1,0,0,1,,,
11198,0,5,16,396.7894213,1,5,1,hangmann,4247.737037,2019-01-11T15:19:11Z,230,227,4,0,0,,,0,0,3,3,0,1,1,,,,1,1,0,1,0,0,0,,,
11118,0,3,10,8.532488426,272,70,107,TSC21,4170.470162,2018-12-31T13:19:25Z,12134,3850,2375,173,472,0,0,,,3,0,1,0,1,,,2,0,1,1,1,0,0,0,,,
11110,1,3,14,11.58084491,27,60,41,karliss,3917.558981,2018-12-28T12:09:47Z,1869,191,88,0,1,,,,,3,0,1,1,1,,,,1,1,1,0,0,0,0,,,
11006,0,4,13,32.09103009,276,132,41,jgoppert,5153.787975,2018-12-07T23:55:07Z,13066,8359,821,610,615,1,1,,,7,0,7,0,1,,,,0,1,0,1,0,0,0,,,
10999,1,2,5,104.3215625,186,125,1,AlexisTM,3929.513796,2018-12-06T11:41:39Z,9207,2909,818,1,6,,,0,0,4,4,0,1,1,,,,1,1,1,0,0,0,0,,,
10972,1,2,4,36.53028935,66,10,0,baumanta,2865.164826,2018-12-03T13:22:35Z,383,69,57,0,56,1,0,0,0,2,1,0,1,1,,,,1,1,1,0,0,0,0,,,
10775,2,4,7,104.3963426,131,77,160,okalachev,4619.277477,2018-10-28T12:40:25Z,5599,2463,976,9,23,1,1,,,5,0,2,0,1,,,,1,1,1,0,0,0,0,,,
10767,1,3,3,0.064571759,36,35,131,leonhartyao,3711.764144,2018-10-26T14:50:46Z,197,41,6,0,0,1,0,,,2,0,0,0,1,,,,0,1,0,0,0,0,0,,,
10693,1,5,12,90.12859954,119,26,5,MaEtUgR,4208.811007,2018-10-16T08:22:38Z,25762,5561,3348,280,1484,,,,,4,0,1,0,1,,,,0,1,1,0,0,0,0,,,
10686,1,5,18,693.3962847,66,10,0,baumanta,2865.164907,2018-10-15T11:09:28Z,383,44,35,0,56,1,0,,,5,0,0,0,1,,,,0,1,1,0,0,0,0,,,
10678,2,4,6,93.643125,17,12,6,mcsauder,4457.077708,2018-10-11T03:00:00Z,886,243,213,43,189,0,0,,,2,0,0,0,1,,,1,0,1,0,1,0,0,0,,,
10655,0,5,15,366.8701968,186,125,1,AlexisTM,3929.513924,2018-10-05T15:01:07Z,9207,2782,812,1,6,,,0,0,10,8,0,1,1,,,,1,1,1,1,0,0,0,,,
10627,0,1,3,124.9829167,13,11,12,igalloway,3628.045278,2018-10-02T20:24:04Z,582,68,15,0,0,,,0,0,3,3,0,1,1,,,,1,1,0,0,0,0,0,,,
10593,1,3,2,0.085011574,6,10,99,TianmingLi,4175.995706,2018-09-28T12:02:17Z,377,28,18,0,0,1,0,,,2,0,2,0,1,,,,0,1,1,0,0,0,0,,,
10571,0,2,5,285.3773148,0,2,1,mijarck,3518.367894,2018-09-26T12:33:34Z,5,4,3,0,0,,,0,0,2,2,0,1,1,,,,1,1,0,0,0,0,0,,,
10489,0,2,10,2.74150463,0,4,1,Seeelefant,2708.463553,2018-09-16T20:49:27Z,57,11,10,0,0,,,0,0,2,1,0,1,1,,,,0,1,0,1,0,0,0,,,
10471,1,3,2,1.440023148,130,32,1,RomanBapst,3868.695625,2018-09-12T15:22:44Z,2045,959,273,214,477,1,1,,,5,0,3,0,1,,,,0,1,1,0,0,0,0,,,
10457,1,6,10,154.6816435,112,94,86,lericson,5816.281076,2018-09-11T19:03:21Z,4005,2076,40,0,0,,,1,1,3,3,0,1,1,,,,1,1,1,0,0,0,0,,,
10412,0,5,10,49.19184028,38,55,102,dakejahl,2480.121366,2018-09-04T16:11:47Z,3799,81,81,4,67,1,0,,,3,0,0,0,1,,,,0,1,1,0,0,0,1,,,
10296,2,4,9,29.18604167,38,55,102,dakejahl,2480.121389,2018-08-21T23:07:24Z,3799,66,66,3,67,1,0,,,2,0,0,0,1,,,,1,1,0,1,0,0,1,,,
10099,0,2,5,201.9023264,10,9,0,BazookaJoe1900,2722.902674,2018-07-31T08:43:36Z,257,19,17,0,50,0,0,0,0,1,0,0,1,1,,,1,1,1,1,0,0,0,0,,,
10092,0,5,17,1066.733194,1,1,0,MariliG,2389.828808,2018-07-30T15:39:31Z,11,8,8,0,0,,,0,0,3,2,0,1,1,,,,1,1,1,0,0,0,0,,,
9867,1,2,1,112.1324421,2,3,20,superware,3930.784884,2018-07-09T11:48:36Z,66,32,8,0,0,1,0,,,3,0,0,0,1,,,,0,1,1,0,0,0,0,,,
9841,1,2,4,12.29747685,2,3,20,superware,3930.784907,2018-07-05T06:52:49Z,66,31,7,0,0,1,1,,,1,0,0,0,1,,,,0,1,1,0,0,0,0,,,
9768,1,4,6,222.9993634,0,0,0,ivodre,3722.60581,2018-06-26T15:14:13Z,,,,2,2,0,0,,,3,0,0,0,1,,,1,0,1,1,0,0,0,1,,,
9716,1,2,8,229.8846875,361,29,11,mhkabir,4100.637072,2018-06-19T14:29:14Z,4878,1312,212,189,205,1,1,,,2,0,0,0,1,,,,0,1,1,0,0,0,1,,,
9554,0,9,20,171.0098611,55,94,17,ana-GT,5091.72794,2018-05-28T18:36:54Z,2254,1498,17,0,0,1,0,,,3,0,1,0,1,,,,0,1,1,0,0,0,0,,,
9513,0,6,15,210.9246991,186,125,1,AlexisTM,3929.514236,2018-05-23T14:10:37Z,9207,2391,1058,0,6,1,0,,,4,0,4,0,2,8,,,0,1,1,0,0,0,0,,,
9200,0,3,13,465.9701389,186,125,1,AlexisTM,3929.514259,2018-03-30T14:32:57Z,9207,2276,1147,0,6,,,,,5,0,2,0,1,,,,0,1,1,0,0,0,1,,,
9025,0,2,8,281.9505324,283,61,42,julianoes,4697.588704,2018-03-05T17:34:03Z,45155,17553,4522,1255,2221,0,0,,,2,0,1,0,3,,1,1,0,1,1,0,0,0,0,,,
8828,0,2,2,0.025358796,130,32,1,RomanBapst,3868.695903,2018-02-05T16:12:09Z,2045,688,42,108,477,1,0,,,3,0,0,0,1,,,,0,1,1,0,0,0,0,,,
8303,2,4,4,315.5342361,361,29,11,mhkabir,4100.637188,2017-11-17T05:04:27Z,4878,1137,517,164,205,,,0,0,3,3,1,1,1,,,,1,1,1,0,0,0,0,,,
8255,0,2,3,14.72084491,26,25,21,jlecoeur,4711.5,2017-11-08T13:23:52Z,5055,913,563,27,75,1,1,,,8,0,8,0,1,,,,0,1,1,0,0,0,0,,,
7755,0,3,3,3.794224537,10,15,7,ndepal,3750.190347,2017-08-09T15:36:45Z,244,77,22,10,39,,,0,0,3,1,1,1,1,,,,1,1,1,0,0,0,0,,,
7746,1,4,14,3.200011574,52,9,0,sanderux,3374.799363,2017-08-07T14:34:48Z,613,393,150,136,179,,,0,0,3,3,0,1,1,,,,0,1,0,1,1,0,0,,,
7457,1,5,17,25.49805556,112,94,86,lericson,5816.281435,2017-06-22T08:00:32Z,4005,2030,201,0,0,,,0,0,3,2,0,1,1,,,,1,1,1,0,0,0,0,,,
7051,2,8,26,173.7113426,116,52,25,svpcom,5132.353067,2017-04-14T21:48:00Z,9975,2117,1011,7,10,,,0,0,4,4,0,1,1,,,,1,1,0,0,0,0,1,,,
6783,1,5,4,346.936412,3,61,13,gcWorld,4502.246389,2017-03-11T14:38:21Z,919,308,16,0,0,,,0,0,5,4,1,1,1,,,,1,1,1,0,0,0,0,,,
6669,1,3,4,0.815520833,1,12,1,matanhavi,4594.355961,2017-02-25T16:52:32Z,33,14,10,1,2,0,0,,,6,0,0,0,1,,,0,0,1,1,0,0,0,0,,,
6282,1,6,26,7.373958333,116,52,25,svpcom,5132.353137,2017-01-09T23:37:21Z,9975,1837,1090,7,10,0,0,,,7,0,0,0,3,,7,0,0,1,1,0,0,0,0,,,
6184,0,3,4,97.4105787,565,19,1,priseborough,4325.326447,2016-12-27T01:46:11Z,19275,12190,6090,518,1193,,,0,0,4,3,2,1,1,,,,1,1,1,0,0,0,0,,,
6172,0,4,6,8.696701389,56,44,666,iZhangHui,3938.872188,2016-12-26T06:22:45Z,618,404,368,21,33,,,0,0,2,0,1,0,1,,,,0,1,1,0,0,0,0,,,
5887,0,3,2,3.469444444,35,73,323,lhc610github,3361.082998,2016-11-21T01:44:35Z,185,27,9,1,1,,,0,0,2,1,1,1,2,1,,,1,1,1,1,0,0,0,,,
5465,1,5,11,111.9906019,283,61,42,julianoes,4697.588993,2016-09-07T14:23:35Z,45155,10798,4853,1068,2221,0,0,,,2,0,2,0,1,,,0,0,1,1,0,0,0,0,,,
5317,1,5,22,9.847037037,52,9,0,sanderux,3374.799572,2016-08-14T15:52:45Z,613,250,250,101,179,,,0,0,2,1,0,1,1,,,,1,1,0,0,0,0,0,,,
3795,0,2,2,93.91630787,77,9,2,AndreasAntener,4075.369329,2016-02-18T14:23:16Z,1175,721,543,249,428,0,0,,,4,0,0,0,1,,,0,0,1,0,0,0,0,1,,,
3117,1,3,23,3.557696759,77,9,2,AndreasAntener,4075.369352,2015-11-02T19:04:23Z,1175,510,414,141,428,,,0,0,3,3,0,1,1,,,,0,1,1,0,0,0,0,,,
500,0,2,4,5.176377315,283,61,42,julianoes,4697.589063,2013-10-29T12:47:11Z,45155,1582,1574,158,2221,,,0,0,2,0,0,1,1,,,,0,1,1,0,0,0,0,,,
